{"nickName":"definitelyGeorge","score":1000,"lastPosition":{"x":1.956472635269165,"y":1.2000000476837159,"z":-7.4012932777404789}}