{
    "nickName": "GTsatiris",
    "score": 500,
    "lastPosition": {
        "x": -8.038122177124024,
        "y": 1.2000000476837159,
        "z": -6.168920516967773
    }
}