{"nickName":"gTsatiris","score":1000,"lastPosition":{"x":-0.8598239421844482,"y":1.2000000476837159,"z":1.6475486755371094}}